INSERT INTO "geos" ("id", "lat", "lng") VALUES
(31, '-37.3159', '81.1496'),
(32, '-43.9509', '-34.4618'),
(33, '-68.6102', '-47.0653'),
(34, '29.4572', '-164.2990'),
(35, '-31.8129', '62.5342'),
(36, '-71.4197', '71.7478'),
(37, '24.8918', '21.8984'),
(38, '-14.3990', '-120.7677'),
(39, '24.6463', '-168.8889'),
(40, '-38.2386', '57.2232');


INSERT INTO "companies" ("id", "bs", "catchPhrase", "name") VALUES
(11, 'harness real-time e-markets', 'Multi-layered client-server neural-net', 'Romaguera-Crona'),
(12, 'synergize scalable supply-chains', 'Proactive didactic contingency', 'Deckow-Crist'),
(13, 'e-enable strategic applications', 'Face to face bifurcated interface', 'Romaguera-Jacobson'),
(14, 'transition cutting-edge web services', 'Multi-tiered zero tolerance productivity', 'Robel-Corkery'),
(15, 'revolutionize end-to-end systems', 'User-centric fault-tolerant solution', 'Keebler LLC'),
(16, 'e-enable innovative applications', 'Synchronised bottom-line interface', 'Considine-Lockman'),
(17, 'generate enterprise e-tailers', 'Configurable multimedia task-force', 'Johns Group'),
(18, 'e-enable extensible e-tailers', 'Implemented secondary concept', 'Abernathy Group'),
(19, 'aggregate real-time technologies', 'Switchable contextually-based project', 'Yost and Sons'),
(20, 'target end-to-end models', 'Centralized empowering task-force', 'Hoeger LLC');


INSERT INTO "addresses" ("id", "city", "geo_id", "street", "suite", "zipcode") VALUES
(21, 'Gwenborough', 31, 'Kulas Light', 'Apt. 556', '92998-3874'),
(22, 'Wisokyburgh', 32, 'Victor Plains', 'Suite 879', '90566-7771'),
(23, 'McKenziehaven', 33, 'Douglas Extension', 'Suite 847', '59590-4157'),
(24, 'South Elvis', 34, 'Hoeger Mall', 'Apt. 692', '53919-4257'),
(25, 'Roscoeview', 35, 'Skiles Walks', 'Suite 351', '33263'),
(26, 'South Christy', 36, 'Norberto Crossing', 'Apt. 950', '23505-1337'),
(27, 'Howemouth', 37, 'Rex Trail', 'Suite 280', '58804-1099'),
(28, 'Aliyaview', 38, 'Ellsworth Summit', 'Suite 729', '45169'),
(29, 'Bartholomebury', 39, 'Dayna Park', 'Suite 449', '76495-3109'),
(30, 'Lebsackbury', 40, 'Kattie Turnpike', 'Suite 198', '31428-2261');


INSERT INTO "users" ("id", "website", "FULL_NAME", "email", "address_id", "company_id", "phone", "name", "username") VALUES
(1, 'hildegard.org', 'GIVEN_NAME SURNAME', 'Sincere@april.biz', 21, 11, '1-770-736-8031 x56442', 'Leanne Graham', 'Bret'),
(2, 'anastasia.net', 'GIVEN_NAME SURNAME', 'Shanna@melissa.tv', 22, 12, '010-692-6593 x09125', 'Ervin Howell', 'Antonette'),
(3, 'ramiro.info', 'GIVEN_NAME SURNAME', 'Nathan@yesenia.net', 23, 13, '1-463-123-4447', 'Clementine Bauch', 'Samantha'),
(4, 'kale.biz', 'GIVEN_NAME SURNAME', 'Julianne.OConner@kory.org', 24, 14, '493-170-9623 x156', 'Patricia Lebsack', 'Karianne'),
(5, 'demarco.info', 'GIVEN_NAME SURNAME', 'Lucio_Hettinger@annie.ca', 25, 15, '(254)954-1289', 'Chelsey Dietrich', 'Kamren'),
(6, 'ola.org', 'GIVEN_NAME SURNAME', 'Karley_Dach@jasper.info', 26, 16, '1-477-935-8478 x6430', 'Mrs. Dennis Schulist', 'Leopoldo_Corkery'),
(7, 'elvis.io', 'GIVEN_NAME SURNAME', 'Telly.Hoeger@billy.biz', 27, 17, '210.067.6132', 'Kurtis Weissnat', 'Elwyn.Skiles'),
(8, 'jacynthe.com', 'GIVEN_NAME SURNAME', 'Sherwood@rosamond.me', 28, 18, '586.493.6943 x140', 'Nicholas Runolfsdottir V', 'Maxime_Nienow'),
(9, 'conrad.com', 'GIVEN_NAME SURNAME', 'Chaim_McDermott@dana.io', 29, 19, '(775)976-6794 x41206', 'Glenna Reichert', 'Delphine'),
(10, 'ambrose.net', 'GIVEN_NAME SURNAME', 'Rey.Padberg@karina.biz', 30, 20, '024-648-3804', 'Clementina DuBuque', 'Moriah.Stanton');


